injection_period,strain,sex,treatment,exon,date_eclosion,time_edt,azt0_in_edt,time_azt,genotype_id,genotype,genotype_consequence
2023,b_nd,male,control,wt,5/17/2023,17:00,2,15:00,,,
2023,b_nd,male,control,wt,5/17/2023,17:45,2,15:45,,,
2023,b_nd,male,control,wt,5/17/2023,19:45,2,17:45,,,
2023,b_nd,male,control,wt,5/17/2023,19:45,2,17:45,,,
2023,b_nd,male,control,wt,5/17/2023,23:30,2,21:30,,,
2023,b_nd,male,control,wt,5/18/2023,5:00,2,3:00,,,
2023,b_nd,male,control,wt,5/18/2023,6:00,2,4:00,,,
2023,b_nd,female,control,wt,5/18/2023,7:30,2,5:30,,,
2023,b_nd,male,control,wt,5/18/2023,14:45,2,12:45,,,
2023,b_nd,male,control,wt,5/18/2023,15:45,2,13:45,,,
2023,b_nd,female,control,wt,5/18/2023,17:00,2,15:00,,,
2023,b_nd,female,control,wt,5/18/2023,17:15,2,15:15,,,
2023,b_nd,male,control,wt,5/18/2023,18:00,2,16:00,,,
2023,b_nd,male,control,wt,5/18/2023,18:15,2,16:15,,,
2023,b_nd,female,control,wt,5/18/2023,0:00,2,22:00,,,
2023,b_nd,female,control,wt,5/19/2023,18:00,2,16:00,,,
2023,b_nd,male,control,wt,5/19/2023,19:00,2,17:00,,,
2023,b_nd,female,control,wt,5/19/2023,19:00,2,17:00,,,
2023,b_nd,female,control,wt,5/19/2023,19:45,2,17:45,,,
2023,b_nd,male,control,wt,5/19/2023,21:30,2,19:30,,,
2023,b_nd,female,control,wt,5/20/2023,9:00,2,7:00,,,
2023,b_nd,male,control,wt,5/20/2023,18:00,2,16:00,,,
2023,b_nd,male,control,wt,5/20/2023,18:45,2,16:45,,,
2023,b_nd,male,control,wt,5/20/2023,19:30,2,17:30,,,
2023,b_nd,female,control,wt,5/20/2023,19:30,2,17:30,,,
2023,b_nd,male,control,wt,5/20/2023,19:30,2,17:30,,,
2023,b_nd,male,control,wt,5/20/2023,19:45,2,17:45,,,
2023,b_nd,male,control,wt,5/20/2023,19:45,2,17:45,,,
2023,b_nd,female,control,wt,5/20/2023,20:00,2,18:00,,,
2023,b_nd,female,control,wt,5/20/2023,21:15,2,19:15,,,
2023,b_nd,male,control,wt,5/20/2023,22:15,2,20:15,,,
2023,b_nd,female,control,wt,5/20/2023,22:30,2,20:30,,,
2023,b_nd,male,control,wt,5/20/2023,23:45,2,21:45,,,
2023,b_nd,female,control,wt,5/20/2023,0:00,2,22:00,,,
2023,b_nd,female,control,wt,5/20/2023,0:15,2,22:15,,,
2023,b_nd,male,control,wt,5/20/2023,0:45,2,22:45,,,
2023,b_nd,male,control,wt,5/21/2023,16:15,2,14:15,,,
2023,b_nd,female,control,wt,5/21/2023,17:45,2,15:45,,,
2023,b_nd,male,control,wt,5/21/2023,18:45,2,16:45,,,
2023,b_nd,female,control,wt,5/21/2023,19:15,2,17:15,,,
2023,b_nd,male,control,wt,5/21/2023,21:15,2,19:15,,,
2023,b_nd,female,control,wt,5/21/2023,22:00,2,20:00,,,
2023,b_nd,male,control,wt,5/22/2023,16:00,2,14:00,,,
2023,b_nd,female,control,wt,5/22/2023,19:30,2,17:30,,,
2023,b_nd,male,control,wt,5/22/2023,19:45,2,17:45,,,
2023,b_nd,female,control,wt,5/22/2023,20:00,2,18:00,,,
2023,b_nd,female,control,wt,5/22/2023,22:15,2,20:15,,,
2023,b_nd,female,control,wt,5/23/2023,12:30,2,10:30,,,
2023,b_nd,male,control,wt,5/23/2023,17:45,2,15:45,,,
2023,b_nd,female,control,wt,5/23/2023,19:30,2,17:30,,,
2023,b_nd,female,control,wt,5/23/2023,0:00,2,22:00,,,
2023,b_nd,male,period,5,6/27/2023,8:45,2,6:45,p4_09,mutant,frameshift
2023,b_nd,female,period,5,6/27/2023,14:00,2,12:00,p4_10,mutant,frameshift
2023,b_nd,male,period,4,6/27/2023,19:45,2,17:45,,,
2023,b_nd,female,period,5,6/28/2023,11:30,2,9:30,p4_12,,
2023,b_nd,male,period,5,6/28/2023,18:00,2,16:00,,,
2023,b_nd,male,period,5,6/28/2023,20:00,2,18:00,,,
2023,b_nd,female,period,5,6/28/2023,20:30,2,18:30,,,
2023,b_nd,female,period,5,6/28/2023,22:30,2,20:30,,,
2023,b_nd,male,period,4,6/28/2023,23:00,2,21:00,p3_19,,
2023,b_nd,female,period,5,6/28/2023,0:30,2,22:30,p4_11,wt,wt
2023,b_nd,male,period,5,6/28/2023,0:45,2,22:45,p4_14,,
2023,b_nd,male,period,5,6/29/2023,2:45,2,0:45,,,
2023,b_nd,female,period,5,6/29/2023,9:00,2,7:00,p4_16,,
2023,b_nd,female,period,5,6/29/2023,9:00,2,7:00,p4_20,,
2023,b_nd,male,period,5,6/29/2023,9:45,2,7:45,p4_24,,
2023,b_nd,female,period,5,6/29/2023,13:00,2,11:00,p4_23,,
2023,b_nd,male,period,5,6/29/2023,17:00,2,15:00,,,
2023,b_nd,female,period,5,6/29/2023,0:15,2,22:15,,,
2023,b_nd,male,period,5,6/29/2023,1:00,2,23:00,,,
2023,b_nd,female,period,5,6/29/2023,1:15,2,23:15,p4_17,mutant,unknown
2023,b_nd,female,period,5,6/30/2023,3:30,2,1:30,p4_19,,
2023,b_nd,male,period,4,6/30/2023,7:00,2,5:00,p3_13,,
2023,b_nd,female,period,4,6/30/2023,7:45,2,5:45,p3_16,mutant,frameshift
2023,b_nd,female,period,4,6/30/2023,8:15,2,6:15,p4_25,,
2023,b_nd,male,period,5,6/30/2023,8:45,2,6:45,,,
2023,b_nd,male,period,4,6/30/2023,0:00,2,22:00,,,
2023,b_nd,male,period,5,6/30/2023,0:15,2,22:15,,,
2023,b_nd,male,period,5,6/30/2023,1:30,2,23:30,,,
2023,b_nd,male,period,4,7/1/2023,2:30,2,0:30,,,
2023,b_nd,female,period,5,7/1/2023,6:15,2,4:15,p4_26,mutant,frameshift
2023,b_nd,male,period,5,7/1/2023,8:15,2,6:15,p4_21,mutant,frameshift
2023,b_nd,female,period,4,7/1/2023,10:00,2,8:00,p3_14,mutant,frameshift
2023,b_nd,female,period,5,7/1/2023,12:00,2,10:00,p4_28,,
2023,b_nd,female,period,5,7/1/2023,18:30,2,16:30,,,
2023,b_nd,female,period,5,7/1/2023,0:45,2,22:45,,,
2023,b_nd,male,period,4,7/2/2023,3:45,2,1:45,p3_12,mutant,frameshift
2023,b_nd,female,period,5,7/2/2023,8:45,2,6:45,p4_15,,
2023,b_nd,female,period,5,7/2/2023,18:15,2,16:15,,,
2023,b_nd,female,period,5,7/2/2023,1:00,2,23:00,p4_22,,
2023,b_nd,female,period,5,7/3/2023,20:00,2,18:00,p4_27,mutant,non_frameshift
2023,b_nd,female,period,5,7/4/2023,18:15,2,16:15,p4_30,,
2023,b_nd,female,period,5,7/4/2023,19:30,2,17:30,,,
2023,b_nd,female,period,5,7/5/2023,10:45,2,8:45,p4_29,,
2023,b_nd,female,period,5,7/5/2023,19:45,2,17:45,,,
2023,b_nd,female,period,5,7/6/2023,19:30,2,17:30,p4_33,,
2023,b_nd,female,period,4,7/6/2023,20:00,2,18:00,p3_18,mutant,frameshift
2023,b_nd,male,period,5,7/7/2023,3:00,2,1:00,,,
2023,b_nd,female,period,5,7/7/2023,9:45,2,7:45,p4_35,,
2023,b_nd,female,period,4,7/8/2023,19:45,2,17:45,p3_21,mutant,frameshift
2021,be,male,control,wt,12/21/2021,20:15,3,17:15,,,
2021,be,male,control,wt,12/21/2021,20:15,3,17:15,,,
2021,be,male,control,wt,12/22/2021,20:30,3,17:30,,,
2021,be,male,control,wt,12/23/2021,16:15,3,13:15,,,
2021,be,female,control,wt,12/23/2021,18:15,3,15:15,,,
2021,be,male,control,wt,12/23/2021,19:30,3,16:30,,,
2021,be,male,control,wt,12/23/2021,19:30,3,16:30,,,
2021,be,female,control,wt,12/23/2021,21:15,3,18:15,,,
2021,be,male,control,wt,12/24/2021,15:30,3,12:30,,,
2021,be,male,control,wt,12/24/2021,17:00,3,14:00,,,
2021,be,male,control,wt,12/25/2021,18:15,3,15:15,,,
2021,be,male,control,wt,12/25/2021,18:30,3,15:30,,,
2021,be,male,control,wt,12/25/2021,20:15,3,17:15,,,
2021,be,female,control,wt,12/25/2021,21:00,3,18:00,,,
2021,be,male,control,wt,12/25/2021,22:15,3,19:15,,,
2021,be,male,control,wt,12/26/2021,16:30,3,13:30,,,
2021,be,female,control,wt,12/26/2021,17:45,3,14:45,,,
2021,be,male,control,wt,12/26/2021,18:30,3,15:30,,,
2021,be,male,control,wt,12/26/2021,20:30,3,17:30,,,
2021,be,female,control,wt,12/26/2021,0:30,3,21:30,,,
2021,be,male,control,wt,12/28/2021,20:15,3,17:15,,,
2021,be,male,control,wt,12/29/2021,18:00,3,15:00,,,
2022,be,male,period,5,3/17/2022,8:15,4,4:15,BEpX4m_01,wt,wt
2022,be,female,period,5,3/18/2022,4:30,4,0:30,BEpX4f_02,wt,wt
2022,be,female,period,4,3/18/2022,22:15,4,18:15,na-curled,,
2022,be,female,period,5,3/18/2022,23:00,4,19:00,BEpX4f_13,,
2022,be,male,period,4,3/19/2022,14:00,4,10:00,BEpX3m_29,mutant,frameshift
2022,be,male,period,5,3/19/2022,18:15,4,14:15,BEpX4m_31,,
2022,be,male,period,5,3/19/2022,19:45,4,15:45,BEpX4m_26,,
2022,be,female,period,4,3/19/2022,21:15,4,17:15,BEpX3f_11,,
2022,be,male,period,4,3/19/2022,21:30,4,17:30,BEpX3m_24,,
2022,be,male,period,5,3/19/2022,21:30,4,17:30,BEpX4m_22,mutant,unknown
2022,be,female,period,4,3/19/2022,1:15,4,21:15,BEpX3f_18,mutant,frameshift
2022,be,male,period,4,3/20/2022,7:00,4,3:00,,,
2022,be,male,period,5,3/20/2022,15:00,4,11:00,BEpX4m_30,mutant,frameshift
2022,be,male,period,5,3/20/2022,16:15,4,12:15,BEpX4m_23,,
2022,be,female,period,5,3/20/2022,21:15,4,17:15,BEpX4f_14,,
2022,be,male,period,4,3/20/2022,21:15,4,17:15,,,
2022,be,male,pdfr,4,3/21/2022,21:45,4,17:45,BErX3m_36,mutant,frameshift
2022,be,male,pdfr,4,3/21/2022,23:00,4,19:00,BErX3m_34,mutant,frameshift
2022,be,male,period,4,3/21/2022,7:45,4,3:45,BEpX3m_25,,
2022,be,female,period,5,3/21/2022,8:15,4,4:15,,,
2022,be,male,period,5,3/21/2022,18:00,4,14:00,BEpX4m_69,,
2022,be,female,period,5,3/21/2022,19:15,4,15:15,BEpX4f_43,mutant,frameshift
2022,be,male,period,5,3/21/2022,19:15,4,15:15,BEpX4m_44,,
2022,be,male,period,4,3/21/2022,21:15,4,17:15,BEpX3m_65,,
2022,be,male,period,4,3/21/2022,21:30,4,17:30,BEpX3m_57,,
2022,be,female,period,4,3/21/2022,21:45,4,17:45,BEpX3f_41,,
2022,be,male,period,4,3/21/2022,22:00,4,18:00,BEpX3m_64,wt,wt
2022,be,female,period,5,3/21/2022,22:00,4,18:00,BEpX4f_62,mutant,unknown
2022,be,male,period,4,3/21/2022,22:00,4,18:00,,,
2022,be,female,period,4,3/21/2022,0:15,4,20:15,BEpX3f_10,,
2022,be,female,period,5,3/21/2022,0:15,4,20:15,BEpX4f_27,,
2022,be,male,period,5,3/21/2022,0:15,4,20:15,BEpX4m_32,,
2022,be,female,pdfr,4,3/22/2022,21:45,4,17:45,BErX3f_101,mutant,frameshift
2022,be,female,pdfr,4,3/22/2022,23:15,4,19:15,BErX3f_97,mutant,non_frameshift
2022,be,male,pdfr,4,3/22/2022,0:30,4,20:30,BErX3m_37,wt,wt
2022,be,female,pdfr,4,3/22/2022,0:45,4,20:45,curled wings,,
2022,be,male,period,4,3/22/2022,4:45,4,0:45,BEpX3m_63,mutant,frameshift
2022,be,female,period,4,3/22/2022,18:00,4,14:00,BEpX3f_55,,
2022,be,male,period,5,3/22/2022,19:45,4,15:45,,,
2022,be,female,period,4,3/22/2022,21:30,4,17:30,BEpX3f_95,,
2022,be,male,period,4,3/22/2022,21:30,4,17:30,,,
2022,be,male,period,4,3/22/2022,21:45,4,17:45,,,
2022,be,female,period,4,3/22/2022,22:00,4,18:00,BEpX3f_90,mutant,frameshift
2022,be,female,period,4,3/22/2022,0:00,4,20:00,,,
2022,be,male,period,4,3/22/2022,2:30,4,22:30,BEpX3m_58,mutant,frameshift
2022,be,female,period,4,3/22/2022,3:15,4,23:15,BEpX3f_45,,
2022,be,female,period,5,3/22/2022,3:15,4,23:15,BEpX4f_69,,
2022,be,male,period,4,3/23/2022,4:30,4,0:30,BEpX3m_75,,
2022,be,female,period,5,3/23/2022,9:30,4,5:30,BEpX4f_77,,
2022,be,male,period,5,3/23/2022,20:30,4,16:30,curled wings,,
2022,be,male,period,4,3/23/2022,0:30,4,20:30,BEpX3m_104,mutant,non_frameshift
2022,be,male,period,5,3/25/2022,15:30,4,11:30,,,
2022,be,male,period,5,3/25/2022,20:30,4,16:30,,,
2022,be,male,period,4,3/26/2022,18:30,4,14:30,BEpX3m_117*UZ,,
2022,be,male,period,5,3/26/2022,21:30,4,17:30,BEpX4m_118*UZ,,
2022,be,female,control,wt,7/29/2022,21:30,3,18:30,,,
2022,be,female,control,wt,7/29/2022,23:45,3,20:45,,,
2022,be,female,control,wt,7/30/2022,18:45,3,15:45,,,
2022,be,female,control,wt,7/30/2022,20:00,3,17:00,,,
2022,be,female,control,wt,7/30/2022,22:45,3,19:45,,,
2022,be,female,control,wt,7/31/2022,17:45,3,14:45,,,
2022,be,female,control,wt,7/31/2022,18:15,3,15:15,,,
2022,be,female,control,wt,7/31/2022,19:30,3,16:30,,,
2022,be,female,control,wt,7/31/2022,22:00,3,19:00,,,
2022,be,female,control,wt,8/1/2022,18:45,3,15:45,,,
2022,be,female,control,wt,8/2/2022,17:45,3,14:45,,,
2022,be,female,control,wt,8/6/2022,16:45,3,13:45,,,
2022,be,female,control,wt,8/6/2022,18:00,3,15:00,,,
2022,be,female,control,wt,8/6/2022,19:30,3,16:30,,,
2022,be,female,control,wt,8/6/2022,20:00,3,17:00,,,
2022,be,female,control,wt,8/6/2022,20:00,3,17:00,,,
2022,be,female,control,wt,8/6/2022,20:45,3,17:45,,,
2022,be,female,control,wt,8/6/2022,23:15,3,20:15,,,
2022,be,female,control,wt,8/6/2022,23:30,3,20:30,,,
2022,be,female,control,wt,8/7/2022,6:15,3,3:15,,,
2022,be,female,control,wt,8/7/2022,8:15,3,5:15,,,
2022,be,male,control,wt,8/7/2022,17:30,3,14:30,,,
2022,be,female,control,wt,8/7/2022,18:15,3,15:15,,,
2022,be,female,control,wt,8/7/2022,18:45,3,15:45,,,
2022,be,female,control,wt,8/7/2022,18:45,3,15:45,,,
2022,be,female,control,wt,8/7/2022,19:00,3,16:00,,,
2022,be,male,control,wt,8/7/2022,19:30,3,16:30,,,
2022,be,female,control,wt,8/7/2022,20:15,3,17:15,,,
2022,be,male,control,wt,8/7/2022,20:30,3,17:30,,,
2022,be,male,control,wt,8/7/2022,20:30,3,17:30,,,
2022,be,female,control,wt,8/7/2022,20:45,3,17:45,,,
2022,be,female,control,wt,8/7/2022,20:45,3,17:45,,,
2022,be,female,control,wt,8/7/2022,21:15,3,18:15,,,
2022,be,male,control,wt,8/7/2022,21:15,3,18:15,,,
2022,be,male,control,wt,8/7/2022,21:30,3,18:30,,,
2022,be,male,control,wt,8/7/2022,21:45,3,18:45,,,
2022,be,male,control,wt,8/7/2022,21:45,3,18:45,,,
2022,be,male,control,wt,8/7/2022,22:15,3,19:15,,,
2022,be,male,control,wt,8/7/2022,23:00,3,20:00,,,
2022,be,female,control,wt,8/7/2022,23:15,3,20:15,,,
2022,be,male,control,wt,8/7/2022,23:30,3,20:30,,,
2022,be,male,control,wt,8/7/2022,23:45,3,20:45,,,
2022,be,male,control,wt,8/7/2022,23:45,3,20:45,,,
2022,be,female,control,wt,8/7/2022,0:00,3,21:00,,,
2022,be,female,control,wt,8/7/2022,2:30,3,23:30,,,
2022,be,female,control,wt,8/8/2022,4:30,3,1:30,,,
2022,be,female,control,wt,8/8/2022,4:30,3,1:30,,,
2022,be,male,control,wt,8/8/2022,6:45,3,3:45,,,
2022,be,male,control,wt,8/8/2022,18:00,3,15:00,,,
2022,be,male,control,wt,8/8/2022,18:00,3,15:00,,,
2022,be,female,control,wt,8/8/2022,18:15,3,15:15,,,
2022,be,male,control,wt,8/8/2022,18:15,3,15:15,,,
2022,be,female,control,wt,8/8/2022,18:30,3,15:30,,,
2022,be,male,control,wt,8/8/2022,19:15,3,16:15,,,
2022,be,female,control,wt,8/8/2022,19:15,3,16:15,,,
2022,be,female,control,wt,8/8/2022,19:30,3,16:30,,,
2022,be,male,control,wt,8/8/2022,19:30,3,16:30,,,
2022,be,female,control,wt,8/8/2022,19:30,3,16:30,,,
2022,be,female,control,wt,8/8/2022,19:30,3,16:30,,,
2022,be,female,control,wt,8/8/2022,19:30,3,16:30,,,
2022,be,female,control,wt,8/8/2022,19:30,3,16:30,,,
2022,be,male,control,wt,8/8/2022,19:45,3,16:45,,,
2022,be,female,control,wt,8/8/2022,19:45,3,16:45,,,
2022,be,male,control,wt,8/8/2022,20:30,3,17:30,,,
2022,be,male,control,wt,8/8/2022,20:30,3,17:30,,,
2022,be,male,control,wt,8/8/2022,21:00,3,18:00,,,
2022,be,female,control,wt,8/8/2022,21:15,3,18:15,,,
2022,be,female,control,wt,8/8/2022,21:15,3,18:15,,,
2022,be,male,control,wt,8/8/2022,21:15,3,18:15,,,
2022,be,male,control,wt,8/8/2022,22:45,3,19:45,,,
2022,be,male,control,wt,8/8/2022,22:45,3,19:45,,,
2022,be,female,control,wt,8/8/2022,23:00,3,20:00,,,
2022,be,female,control,wt,8/8/2022,23:15,3,20:15,,,
2022,be,male,control,wt,8/8/2022,23:45,3,20:45,,,
2022,be,male,control,wt,8/8/2022,0:30,3,21:30,,,
2022,be,female,control,wt,8/8/2022,0:45,3,21:45,,,
2022,be,male,control,wt,8/9/2022,4:45,3,1:45,,,
2022,be,male,control,wt,8/9/2022,10:45,3,7:45,,,
2022,be,male,control,wt,8/9/2022,18:30,3,15:30,,,
2022,be,female,control,wt,8/9/2022,19:15,3,16:15,,,
2022,be,female,control,wt,8/9/2022,22:00,3,19:00,,,
2022,be,male,control,wt,8/9/2022,1:00,3,22:00,,,
2022,be,male,control,wt,8/9/2022,1:15,3,22:15,,,
2022,be,male,control,wt,8/9/2022,1:30,3,22:30,,,
2022,be,male,control,wt,8/10/2022,6:45,3,3:45,,,
2022,be,female,control,wt,8/10/2022,7:45,3,4:45,,,
2022,be,male,control,wt,8/10/2022,18:15,3,15:15,,,
2022,be,male,control,wt,8/10/2022,18:45,3,15:45,,,
2022,be,male,control,wt,8/10/2022,19:00,3,16:00,,,
2022,be,female,control,wt,8/10/2022,2:30,3,23:30,,,
2022,be,male,control,wt,8/11/2022,3:15,3,0:15,,,
2022,be,female,control,wt,8/14/2022,20:45,3,17:45,,,
2023,be,male,period,4,5/23/2023,13:00,2,11:00,,,
2023,be,male,period,4,5/24/2023,23:15,2,21:15,,,
2022,be,female,period,4,,,4,,BEpX3f_71,,
2022,be,female,period,4,,,4,,BEpX3f_72,,
2022,be,female,period,5,,,4,,BEpX4f_04,,
2022,be,female,period,5,,,4,,BEpX4f_33,,
2022,be,female,period,5,,,4,,BEpX4f_73,,
2022,be,male,period,5,,,4,,BEpX4m_03,,
2022,be,male,period,5,,,4,,BEpX4m_33,wt,wt
2022,be,male,period,4,,,4,,,,
2022,be,female,period,4,,,4,,,,
2023,be*lf,female,period,4,7/9/2023,12:00,2,10:00,p3_22,,
2023,be*lf,male,period,4,7/11/2023,18:00,2,16:00,p3_23,,
2023,be*lf,female,period,4,7/11/2023,19:45,2,17:45,,,
2023,be*lf,male,period,4,7/12/2023,19:30,2,17:30,p3_24,,
2023,be*lf,male,period,4,7/13/2023,19:30,2,17:30,,,
2023,be*lf,female,period,4,7/14/2023,0:45,2,22:45,,,
2023,be*lf,female,period,4,7/15/2023,19:45,2,17:45,,,
2023,bz,female,control,wt,5/26/2023,19:30,2,17:30,,,
2023,bz,female,control,wt,5/26/2023,19:45,2,17:45,,,
2023,bz,female,control,wt,5/26/2023,21:15,2,19:15,,,
2023,bz,female,control,wt,5/26/2023,21:45,2,19:45,,,
2023,bz,female,control,wt,5/26/2023,23:30,2,21:30,,,
2023,bz,female,control,wt,5/27/2023,15:15,2,13:15,,,
2023,bz,female,control,wt,5/27/2023,18:15,2,16:15,,,
2023,bz,female,control,wt,5/27/2023,19:15,2,17:15,,,
2023,bz,male,control,wt,5/27/2023,19:45,2,17:45,,,
2023,bz,female,control,wt,5/27/2023,21:00,2,19:00,,,
2023,bz,male,control,wt,5/27/2023,21:00,2,19:00,,,
2023,bz,female,control,wt,5/27/2023,22:00,2,20:00,,,
2023,bz,male,control,wt,5/27/2023,23:00,2,21:00,,,
2023,bz,male,control,wt,5/28/2023,12:30,2,10:30,,,
2023,bz,female,control,wt,5/28/2023,16:45,2,14:45,,,
2023,bz,male,control,wt,5/28/2023,17:00,2,15:00,,,
2023,bz,male,control,wt,5/28/2023,18:15,2,16:15,,,
2023,bz,female,control,wt,5/28/2023,19:15,2,17:15,,,
2023,bz,male,control,wt,5/28/2023,19:15,2,17:15,,,
2023,bz,female,control,wt,5/28/2023,19:15,2,17:15,,,
2023,bz,female,control,wt,5/28/2023,19:15,2,17:15,,,
2023,bz,female,control,wt,5/28/2023,19:30,2,17:30,,,
2023,bz,female,control,wt,5/28/2023,19:30,2,17:30,,,
2023,bz,male,control,wt,5/28/2023,20:00,2,18:00,,,
2023,bz,female,control,wt,5/28/2023,20:30,2,18:30,,,
2023,bz,female,control,wt,5/28/2023,20:45,2,18:45,,,
2023,bz,male,control,wt,5/28/2023,21:45,2,19:45,,,
2023,bz,female,control,wt,5/28/2023,22:00,2,20:00,,,
2023,bz,female,control,wt,5/28/2023,22:15,2,20:15,,,
2023,bz,male,control,wt,5/28/2023,22:45,2,20:45,,,
2023,bz,male,control,wt,5/28/2023,22:45,2,20:45,,,
2023,bz,female,control,wt,5/28/2023,23:00,2,21:00,,,
2023,bz,male,control,wt,5/28/2023,1:00,2,23:00,,,
2023,bz,female,control,wt,5/29/2023,11:30,2,9:30,,,
2023,bz,female,control,wt,5/29/2023,13:30,2,11:30,,,
2023,bz,female,control,wt,5/29/2023,16:00,2,14:00,,,
2023,bz,male,control,wt,5/29/2023,16:30,2,14:30,,,
2023,bz,female,control,wt,5/29/2023,16:45,2,14:45,,,
2023,bz,male,control,wt,5/29/2023,17:30,2,15:30,,,
2023,bz,female,control,wt,5/29/2023,18:15,2,16:15,,,
2023,bz,male,control,wt,5/29/2023,18:30,2,16:30,,,
2023,bz,female,control,wt,5/29/2023,19:00,2,17:00,,,
2023,bz,female,control,wt,5/29/2023,19:00,2,17:00,,,
2023,bz,female,control,wt,5/29/2023,19:30,2,17:30,,,
2023,bz,female,control,wt,5/29/2023,19:30,2,17:30,,,
2023,bz,female,control,wt,5/29/2023,22:30,2,20:30,,,
2023,bz,female,control,wt,5/29/2023,23:15,2,21:15,,,
2023,bz,male,control,wt,5/30/2023,2:00,2,0:00,,,
2023,bz,male,control,wt,5/30/2023,2:15,2,0:15,,,
2023,bz,female,control,wt,5/30/2023,16:00,2,14:00,,,
2023,bz,male,control,wt,5/30/2023,19:00,2,17:00,,,
2023,bz,female,control,wt,5/30/2023,19:30,2,17:30,,,
2023,bz,female,control,wt,5/30/2023,20:30,2,18:30,,,
2023,bz,female,control,wt,5/30/2023,22:15,2,20:15,,,
2023,bz,female,control,wt,5/31/2023,19:30,2,17:30,,,
2023,bz,male,control,wt,5/31/2023,19:45,2,17:45,,,
2023,bz,female,control,wt,5/31/2023,19:45,2,17:45,,,
2023,bz,male,control,wt,5/31/2023,0:45,2,22:45,,,
2023,bz,female,control,wt,5/31/2023,1:00,2,23:00,,,
2023,bz,female,period,4+5,6/5/2023,20:15,2,18:15,,,
2023,bz,male,period,4+5,6/5/2023,0:15,2,22:15,,,
2023,bz,female,period,4+5,6/6/2023,11:00,2,9:00,,,
2023,bz,male,period,4+5,6/6/2023,15:30,2,13:30,,,
2023,bz,female,period,4+5,6/7/2023,5:15,2,3:15,,,
2023,bz,male,period,4+5,6/7/2023,12:15,2,10:15,,,
2023,bz,female,period,4+5,6/7/2023,19:45,2,17:45,,,
2023,bz,female,period,4,7/3/2023,7:45,2,5:45,p3_15,wt,wt
2023,bz,female,period,5,7/9/2023,8:00,2,6:00,p4or3_39,mutant,frameshift
2023,bz,female,period,5,7/9/2023,9:15,2,7:15,p4or3_37,mutant,frameshift
2023,bz,female,period,5,7/10/2023,7:45,2,5:45,p4or3_38,,
2023,bz,male,period,5,7/10/2023,8:00,2,6:00,,,
2023,bz,female,period,5,7/10/2023,22:45,2,20:45,,,
2023,bz,male,period,4,7/10/2023,0:15,2,22:15,p3_20,mutant,frameshift
2023,bz,male,period,5,7/11/2023,20:45,2,18:45,,,
2023,bz,female,period,5,7/12/2023,15:30,2,13:30,p4or3_43,,
2023,bz,female,period,4,7/13/2023,14:45,2,12:45,p3_25,,
2023,bz,female,period,5,7/13/2023,16:30,2,14:30,p4or3_45,,
2023,bz,male,period,4,7/14/2023,1:45,2,23:45,,,
2023,fh_longer,female,control,wt,6/10/2023,19:30,2,17:30,,,
2023,fh_longer,female,control,wt,6/11/2023,2:30,2,0:30,,,
2023,fh_longer,female,control,wt,6/11/2023,16:00,2,14:00,,,
2023,fh_longer,male,control,wt,6/11/2023,16:15,2,14:15,,,
2023,fh_longer,female,control,wt,6/11/2023,17:45,2,15:45,,,
2023,fh_longer,male,control,wt,6/11/2023,18:15,2,16:15,,,
2023,fh_longer,female,control,wt,6/11/2023,18:30,2,16:30,,,
2023,fh_longer,female,control,wt,6/11/2023,19:15,2,17:15,,,
2023,fh_longer,female,control,wt,6/11/2023,19:30,2,17:30,,,
2023,fh_longer,female,control,wt,6/11/2023,19:30,2,17:30,,,
2023,fh_longer,female,control,wt,6/11/2023,20:00,2,18:00,,,
2023,fh_longer,female,control,wt,6/11/2023,21:15,2,19:15,,,
2023,fh_longer,male,control,wt,6/11/2023,21:15,2,19:15,,,
2023,fh_longer,female,control,wt,6/11/2023,22:30,2,20:30,,,
2023,fh_longer,female,control,wt,6/11/2023,23:30,2,21:30,,,
2023,fh_longer,female,control,wt,6/12/2023,2:00,2,0:00,,,
2023,fh_longer,female,control,wt,6/12/2023,2:15,2,0:15,,,
2023,fh_longer,female,control,wt,6/12/2023,3:30,2,1:30,,,
2023,fh_longer,female,control,wt,6/12/2023,17:15,2,15:15,,,
2023,fh_longer,male,control,wt,6/12/2023,17:30,2,15:30,,,
2023,fh_longer,male,control,wt,6/12/2023,18:00,2,16:00,,,
2023,fh_longer,female,control,wt,6/12/2023,18:15,2,16:15,,,
2023,fh_longer,male,control,wt,6/12/2023,18:15,2,16:15,,,
2023,fh_longer,female,control,wt,6/12/2023,18:15,2,16:15,,,
2023,fh_longer,female,control,wt,6/12/2023,18:45,2,16:45,,,
2023,fh_longer,male,control,wt,6/12/2023,19:00,2,17:00,,,
2023,fh_longer,male,control,wt,6/12/2023,19:15,2,17:15,,,
2023,fh_longer,male,control,wt,6/12/2023,19:15,2,17:15,,,
2023,fh_longer,male,control,wt,6/12/2023,19:15,2,17:15,,,
2023,fh_longer,male,control,wt,6/12/2023,19:30,2,17:30,,,
2023,fh_longer,male,control,wt,6/12/2023,19:30,2,17:30,,,
2023,fh_longer,female,control,wt,6/12/2023,19:30,2,17:30,,,
2023,fh_longer,female,control,wt,6/12/2023,19:30,2,17:30,,,
2023,fh_longer,male,control,wt,6/12/2023,19:30,2,17:30,,,
2023,fh_longer,male,control,wt,6/12/2023,19:30,2,17:30,,,
2023,fh_longer,female,control,wt,6/12/2023,19:45,2,17:45,,,
2023,fh_longer,female,control,wt,6/12/2023,19:45,2,17:45,,,
2023,fh_longer,male,control,wt,6/12/2023,22:00,2,20:00,,,
2023,fh_longer,male,control,wt,6/12/2023,23:45,2,21:45,,,
2023,fh_longer,female,control,wt,6/12/2023,23:45,2,21:45,,,
2023,fh_longer,female,control,wt,6/12/2023,1:45,2,23:45,,,
2023,fh_longer,female,control,wt,6/13/2023,3:15,2,1:15,,,
2023,fh_longer,male,control,wt,6/13/2023,16:45,2,14:45,,,
2023,fh_longer,male,control,wt,6/13/2023,18:15,2,16:15,,,
2023,fh_longer,male,control,wt,6/13/2023,19:00,2,17:00,,,
2023,fh_longer,female,control,wt,6/13/2023,19:00,2,17:00,,,
2023,fh_longer,female,control,wt,6/13/2023,19:15,2,17:15,,,
2023,fh_longer,male,control,wt,6/13/2023,19:15,2,17:15,,,
2023,fh_longer,female,control,wt,6/13/2023,19:15,2,17:15,,,
2023,fh_longer,female,control,wt,6/13/2023,19:45,2,17:45,,,
2023,fh_longer,male,control,wt,6/13/2023,20:00,2,18:00,,,
2023,fh_longer,male,control,wt,6/13/2023,22:30,2,20:30,,,
2023,fh_longer,female,control,wt,6/13/2023,0:15,2,22:15,,,
2023,fh_longer,female,control,wt,6/13/2023,1:45,2,23:45,,,
2023,fh_longer,male,control,wt,6/14/2023,3:00,2,1:00,,,
2023,fh_longer,male,control,wt,6/14/2023,19:15,2,17:15,,,
2023,fh_longer,male,control,wt,6/14/2023,0:15,2,22:15,,,
2023,fh_longer,male,control,wt,6/14/2023,1:00,2,23:00,,,
2023,fh_longer,male,control,wt,6/15/2023,19:30,2,17:30,,,
2023,fh_longer,female,pdfr,7,6/21/2023,19:30,2,17:30,r3_01,wt,wt
2023,fh_longer,female,pdfr,7,6/21/2023,19:45,2,17:45,r3_02,mutant,non_frameshift
2023,fh_longer,female,pdfr,7,6/22/2023,19:30,2,17:30,,,
2023,fh_longer,female,pdfr,7,6/22/2023,20:00,2,18:00,r3_03,wt,wt
2023,fh_longer,female,pdfr,7,6/22/2023,23:30,2,21:30,r3_04,,
2023,fh_longer,female,pdfr,7,6/24/2023,19:30,2,17:30,,,
2023,fh_longer,female,pdfr,7,6/24/2023,19:30,2,17:30,,,
2023,fh_longer,male,pdfr,7,6/24/2023,0:00,2,22:00,,,
2023,fh_longer,female,period,4,6/24/2023,19:45,2,17:45,,,
2023,fh_longer,male,period,5,6/25/2023,1:15,2,23:15,p4_07,wt,wt
2023,fh_longer,female,pdfr,7,6/26/2023,19:30,2,17:30,,,
2023,fh_longer,female,pdfr,7,6/26/2023,20:00,2,18:00,,,
2023,fh_longer,female,pdfr,7,6/27/2023,2:00,2,0:00,r3_08,,
2023,fh_longer,female,pdfr,7,6/28/2023,12:00,2,10:00,r3_10,,
2023,fh_longer,female,pdfr,7,6/28/2023,12:15,2,10:15,r3_09,,
2023,fh_longer,male,pdfr,7,6/29/2023,22:15,2,20:15,,,
2023,fh_longer,female,period,5,6/29/2023,14:00,2,12:00,,,
2023,fh_longer,male,pdfr,7,6/30/2023,18:00,2,16:00,,,
2023,fh_longer,male,pdfr,7,6/30/2023,18:30,2,16:30,,,
2023,fh_longer,male,pdfr,7,7/2/2023,19:15,2,17:15,,,
2023,fh_longer,male,period,5,7/4/2023,9:45,2,7:45,p4_18,,
2023,fh_longer,female,pdfr,7,7/7/2023,21:15,2,19:15,r3_13,,
2023,fh_mid,male,control,wt,6/13/2023,19:30,2,17:30,,,
2023,fh_mid,male,control,wt,6/13/2023,21:15,2,19:15,,,
2023,fh_mid,female,control,wt,6/13/2023,22:15,2,20:15,,,
2023,fh_mid,female,control,wt,6/13/2023,22:30,2,20:30,,,
2023,fh_mid,female,control,wt,6/13/2023,23:00,2,21:00,,,
2023,fh_mid,female,control,wt,6/13/2023,23:15,2,21:15,,,
2023,fh_mid,female,control,wt,6/14/2023,7:00,2,5:00,,,
2023,fh_mid,male,control,wt,6/14/2023,17:15,2,15:15,,,
2023,fh_mid,female,control,wt,6/14/2023,19:15,2,17:15,,,
2023,fh_mid,male,control,wt,6/14/2023,19:15,2,17:15,,,
2023,fh_mid,male,control,wt,6/14/2023,19:30,2,17:30,,,
2023,fh_mid,female,control,wt,6/14/2023,21:00,2,19:00,,,
2023,fh_mid,male,control,wt,6/14/2023,21:00,2,19:00,,,
2023,fh_mid,male,control,wt,6/14/2023,22:45,2,20:45,,,
2023,fh_mid,female,control,wt,6/14/2023,23:00,2,21:00,,,
2023,fh_mid,female,control,wt,6/15/2023,3:00,2,1:00,,,
2023,fh_mid,male,control,wt,6/15/2023,7:30,2,5:30,,,
2023,fh_mid,male,control,wt,6/15/2023,19:15,2,17:15,,,
2023,fh_mid,male,control,wt,6/15/2023,21:00,2,19:00,,,
2023,fh_mid,female,control,wt,6/15/2023,22:15,2,20:15,,,
2023,fh_mid,male,control,wt,6/15/2023,0:30,2,22:30,,,
2023,fh_mid,male,control,wt,6/15/2023,1:00,2,23:00,,,
2023,fh_mid,female,control,wt,6/15/2023,1:00,2,23:00,,,
2023,fh_mid,female,control,wt,6/15/2023,1:30,2,23:30,,,
2023,fh_mid,female,control,wt,6/16/2023,7:00,2,5:00,,,
2023,fh_mid,male,control,wt,6/16/2023,18:45,2,16:45,,,
2023,fh_mid,female,control,wt,6/16/2023,19:30,2,17:30,,,
2023,fh_mid,female,control,wt,6/16/2023,19:45,2,17:45,,,
2023,fh_mid,female,control,wt,6/16/2023,20:30,2,18:30,,,
2023,fh_mid,female,control,wt,6/16/2023,20:45,2,18:45,,,
2023,fh_mid,,control,wt,6/16/2023,21:45,2,19:45,,,
2023,fh_mid,female,control,wt,6/16/2023,22:30,2,20:30,,,
2023,fh_mid,female,control,wt,6/16/2023,22:45,2,20:45,,,
2023,fh_mid,male,control,wt,6/16/2023,0:00,2,22:00,,,
2023,fh_mid,male,control,wt,6/16/2023,0:15,2,22:15,,,
2023,fh_mid,female,control,wt,6/16/2023,0:30,2,22:30,,,
2023,fh_mid,female,control,wt,6/17/2023,10:30,2,8:30,,,
2023,fh_mid,male,control,wt,6/17/2023,17:00,2,15:00,,,
2023,fh_mid,,control,wt,6/17/2023,20:00,2,18:00,,,
2023,fh_mid,female,control,wt,6/17/2023,20:30,2,18:30,,,
2023,fh_mid,female,control,wt,6/17/2023,22:45,2,20:45,,,
2023,fh_mid,female,control,wt,6/17/2023,0:15,2,22:15,,,
2023,fh_mid,female,control,wt,6/17/2023,1:00,2,23:00,,,
2023,fh_mid,male,control,wt,6/18/2023,11:30,2,9:30,,,
2023,fh_mid,male,control,wt,6/18/2023,15:15,2,13:15,,,
2023,fh_mid,female,control,wt,6/18/2023,18:15,2,16:15,,,
2023,fh_mid,female,control,wt,6/18/2023,20:00,2,18:00,,,
2023,fh_mid,male,control,wt,6/18/2023,20:45,2,18:45,,,
2023,fh_mid,female,control,wt,6/18/2023,22:30,2,20:30,,,
2023,fh_mid,male,control,wt,6/18/2023,0:00,2,22:00,,,
2023,fh_mid,female,control,wt,6/19/2023,20:15,2,18:15,,,
2023,fh_mid,female,control,wt,6/19/2023,0:00,2,22:00,,,
2023,fh_mid,male,period,5,6/26/2023,2:45,2,0:45,,,
2023,fh_mid,male,period,5,7/8/2023,1:45,2,23:45,p4_35,wt,wt
2023,lf_long*uz,female,control,wt,6/15/2023,1:15,2,23:15,,,
2023,lf_long*uz,female,control,wt,6/16/2023,6:45,2,4:45,,,
2023,lf_long*uz,male,control,wt,6/16/2023,20:00,2,18:00,,,
2023,lf_long*uz,female,control,wt,6/16/2023,20:00,2,18:00,,,
2023,lf_long*uz,female,control,wt,6/16/2023,21:00,2,19:00,,,
2023,lf_long*uz,male,control,wt,6/16/2023,22:00,2,20:00,,,
2023,lf_long*uz,female,control,wt,6/17/2023,20:00,2,18:00,,,
2023,lf_long*uz,male,control,wt,6/17/2023,20:15,2,18:15,,,
2023,lf_long*uz,female,control,wt,6/17/2023,20:45,2,18:45,,,
2023,lf_long*uz,male,control,wt,6/17/2023,23:00,2,21:00,,,
2023,lf_long*uz,male,control,wt,6/17/2023,23:15,2,21:15,,,
2023,lf_long*uz,male,control,wt,6/18/2023,23:15,2,21:15,,,
2023,lf_long*uz,male,control,wt,6/18/2023,1:15,2,23:15,,,
2023,lf_long*uz,female,control,wt,6/18/2023,1:15,2,23:15,,,
2023,lf_long*uz,male,control,wt,6/19/2023,7:30,2,5:30,,,
2023,lf_long*uz,male,control,wt,6/19/2023,16:15,2,14:15,,,
2023,lf_long*uz,male,control,wt,6/19/2023,19:15,2,17:15,,,
2023,lf_long*uz,male,control,wt,6/19/2023,19:30,2,17:30,,,
2023,lf_long*uz,male,period,4,6/19/2023,19:15,2,17:15,p3_06,mutant,frameshift
2023,lf_long*uz,male,period,4,6/19/2023,21:30,2,19:30,p3_04,,
2023,lf_long*uz,male,control,wt,6/20/2023,2:00,2,0:00,,,
2023,lf_long*uz,female,control,wt,6/20/2023,18:30,2,16:30,,,
2023,lf_long*uz,male,control,wt,6/20/2023,22:45,2,20:45,,,
2023,lf_long*uz,male,control,wt,6/20/2023,1:15,2,23:15,,,
2023,lf_long*uz,male,period,4,6/20/2023,15:15,2,13:15,p3_03,,
2023,lf_long*uz,female,period,4,6/20/2023,20:45,2,18:45,p3_05,mutant,frameshift
2023,lf_long*uz,female,control,wt,6/21/2023,3:00,2,1:00,,,
2023,lf_long*uz,male,control,wt,6/21/2023,19:15,2,17:15,,,
2023,lf_long*uz,male,control,wt,6/21/2023,21:00,2,19:00,,,
2023,lf_long*uz,female,control,wt,6/21/2023,22:30,2,20:30,,,
2023,lf_long*uz,female,control,wt,6/21/2023,23:00,2,21:00,,,
2023,lf_long*uz,female,period,5,6/21/2023,9:15,2,7:15,p4_02,,
2023,lf_long*uz,female,period,4,6/21/2023,,2,,,,
2023,lf_long*uz,female,control,wt,6/22/2023,19:15,2,17:15,,,
2023,lf_long*uz,male,control,wt,6/22/2023,19:30,2,17:30,,,
2023,lf_long*uz,female,control,wt,6/22/2023,21:45,2,19:45,,,
2023,lf_long*uz,female,pdfr,7,6/22/2023,23:45,2,21:45,,,
2023,lf_long*uz,female,period,5,6/22/2023,2:15,2,0:15,p4_01,mutant,frameshift
2023,lf_long*uz,male,period,4,6/22/2023,2:30,2,0:30,p3_02,mutant,non_frameshift
2023,lf_long*uz,female,period,4,6/22/2023,10:00,2,8:00,p3_01,mutant,unknown
2023,lf_long*uz,female,period,5,6/22/2023,16:15,2,14:15,p4_05,mutant,frameshift
2023,lf_long*uz,male,period,4,6/22/2023,19:45,2,17:45,,,
2023,lf_long*uz,male,period,5,6/22/2023,19:45,2,17:45,,,
2023,lf_long*uz,female,period,5,6/22/2023,20:00,2,18:00,,,
2023,lf_long*uz,female,period,5,6/22/2023,21:00,2,19:00,,,
2023,lf_long*uz,male,period,4,6/22/2023,22:00,2,20:00,,,
2023,lf_long*uz,male,period,5,6/22/2023,23:15,2,21:15,,,
2023,lf_long*uz,female,period,4,6/22/2023,1:15,2,23:15,p33_01f,mutant,frameshift
2023,lf_long*uz,male,period,4,6/22/2023,1:45,2,23:45,p33_01m,mutant,non_frameshift
2023,lf_long*uz,female,control,wt,6/23/2023,3:15,2,1:15,,,
2023,lf_long*uz,female,control,wt,6/23/2023,0:45,2,22:45,,,
2023,lf_long*uz,female,pdfr,7,6/23/2023,0:00,2,22:00,,,
2023,lf_long*uz,female,period,5,6/23/2023,2:15,2,0:15,,,
2023,lf_long*uz,female,period,5,6/23/2023,2:15,2,0:15,,,
2023,lf_long*uz,female,period,4,6/23/2023,9:00,2,7:00,p3_08,,
2023,lf_long*uz,female,period,4,6/23/2023,9:45,2,7:45,p3_07,mutant,frameshift
2023,lf_long*uz,male,period,5,6/23/2023,12:45,2,10:45,p4_03,,
2023,lf_long*uz,female,period,5,6/23/2023,13:15,2,11:15,p4_04,mutant,frameshift
2023,lf_long*uz,female,period,4,6/23/2023,19:15,2,17:15,,,
2023,lf_long*uz,male,period,4,6/23/2023,23:00,2,21:00,,,
2023,lf_long*uz,male,pdfr,7,6/24/2023,5:30,2,3:30,r3_06,mutant,frameshift
2023,lf_long*uz,male,pdfr,7,6/24/2023,15:30,2,13:30,r3_05,,
2023,lf_long*uz,female,period,4,6/24/2023,17:45,2,15:45,p3_10,,
2023,lf_long*uz,male,pdfr,7,6/25/2023,1:15,2,23:15,,,
2023,lf_long*uz,female,period,4,6/25/2023,2:30,2,0:30,p3_09,,
2023,lf_long*uz,female,period,4,6/25/2023,11:00,2,9:00,,,
2023,lf_long*uz,male,period,5,6/25/2023,15:30,2,13:30,p4_06,mutant,frameshift
2023,lf_long*uz,female,period,5,6/25/2023,20:00,2,18:00,,,
2023,lf_long*uz,male,period,4,6/25/2023,23:15,2,21:15,,,
2023,lf_long*uz,male,pdfr,7,6/26/2023,18:15,2,16:15,r3_07,,
2023,lf_long*uz,female,period,5,6/26/2023,18:30,2,16:30,p4_08,,
2023,lf_long*uz,female,period,4,6/26/2023,19:45,2,17:45,,,
2023,lf_long*uz,male,period,5,6/26/2023,0:30,2,22:30,,,
2023,lf_long*uz,male,pdfr,7,6/27/2023,22:15,2,20:15,,,
2023,lf_long*uz,male,pdfr,7,6/27/2023,1:45,2,23:45,,,
2023,lf_long*uz,female,period,5,6/27/2023,19:45,2,17:45,p4_13,,
2023,lf_long*uz,male,pdfr,7,6/28/2023,20:15,2,18:15,,,
2023,lf_long*uz,male,period,4,6/28/2023,2:00,2,0:00,p3_11,,
2023,lf_long*uz,female,period,4,6/28/2023,1:45,2,23:45,,,
2023,lf_long*uz,female,pdfr,7,6/29/2023,4:00,2,2:00,,,
2023,lf_long*uz,female,pdfr,7,6/29/2023,7:45,2,5:45,r3_12,,
2023,lf_long*uz,male,pdfr,7,6/30/2023,10:00,2,8:00,r3_11b,,
2023,lf_long*uz,male,pdfr,7,7/1/2023,19:30,2,17:30,,,
2023,lf_long*uz,male,pdfr,7,7/2/2023,1:00,2,23:00,,,
2023,lf_long*uz,male,pdfr,7,7/3/2023,10:15,2,8:15,r3_11a,,
2023,lf_short,female,control,wt,5/19/2023,20:00,2,18:00,,,
2023,lf_short,male,control,wt,5/19/2023,23:45,2,21:45,,,
2023,lf_short,male,control,wt,5/20/2023,5:15,2,3:15,,,
2023,lf_short,female,control,wt,5/20/2023,16:30,2,14:30,,,
2023,lf_short,male,control,wt,5/20/2023,22:45,2,20:45,,,
2023,lf_short,male,control,wt,5/20/2023,1:30,2,23:30,,,
2023,lf_short,female,control,wt,5/21/2023,18:00,2,16:00,,,
2023,lf_short,female,control,wt,5/21/2023,20:45,2,18:45,,,
2023,lf_short,male,control,wt,5/21/2023,0:30,2,22:30,,,
2023,lf_short,female,period,4,5/21/2023,19:30,2,17:30,,,
2023,lf_short,female,period,4,5/21/2023,19:30,2,17:30,,,
2023,lf_short,female,period,4,5/21/2023,21:00,2,19:00,,,
2023,lf_short,male,control,wt,5/22/2023,19:15,2,17:15,,,
2023,lf_short,female,control,wt,5/22/2023,19:30,2,17:30,,,
2023,lf_short,female,control,wt,5/22/2023,19:30,2,17:30,,,
2023,lf_short,male,control,wt,5/22/2023,19:30,2,17:30,,,
2023,lf_short,female,control,wt,5/22/2023,21:45,2,19:45,,,
2023,lf_short,female,control,wt,5/22/2023,22:00,2,20:00,,,
2023,lf_short,male,control,wt,5/22/2023,22:45,2,20:45,,,
2023,lf_short,male,period,5,5/22/2023,18:45,2,16:45,,,
2023,lf_short,male,period,4,5/22/2023,19:30,2,17:30,,,
2023,lf_short,female,period,4,5/22/2023,0:45,2,22:45,,,
2023,lf_short,female,control,wt,5/23/2023,3:00,2,1:00,,,
2023,lf_short,female,control,wt,5/23/2023,6:00,2,4:00,,,
2023,lf_short,male,control,wt,5/23/2023,8:45,2,6:45,,,
2023,lf_short,female,control,wt,5/23/2023,9:15,2,7:15,,,
2023,lf_short,male,control,wt,5/23/2023,16:00,2,14:00,,,
2023,lf_short,female,control,wt,5/23/2023,18:30,2,16:30,,,
2023,lf_short,male,control,wt,5/23/2023,19:30,2,17:30,,,
2023,lf_short,female,control,wt,5/23/2023,19:30,2,17:30,,,
2023,lf_short,male,control,wt,5/23/2023,19:30,2,17:30,,,
2023,lf_short,female,control,wt,5/23/2023,20:00,2,18:00,,,
2023,lf_short,female,control,wt,5/23/2023,21:45,2,19:45,,,
2023,lf_short,male,control,wt,5/23/2023,1:00,2,23:00,,,
2023,lf_short,female,control,wt,5/23/2023,1:15,2,23:15,,,
2023,lf_short,female,control,wt,5/24/2023,15:15,2,13:15,,,
2023,lf_short,male,control,wt,5/24/2023,18:30,2,16:30,,,
2023,lf_short,female,control,wt,5/24/2023,18:45,2,16:45,,,
2023,lf_short,female,control,wt,5/24/2023,18:45,2,16:45,,,
2023,lf_short,female,control,wt,5/24/2023,19:00,2,17:00,,,
2023,lf_short,female,control,wt,5/24/2023,19:00,2,17:00,,,
2023,lf_short,female,control,wt,5/24/2023,19:15,2,17:15,,,
2023,lf_short,male,control,wt,5/24/2023,19:30,2,17:30,,,
2023,lf_short,male,control,wt,5/24/2023,19:30,2,17:30,,,
2023,lf_short,female,control,wt,5/24/2023,19:30,2,17:30,,,
2023,lf_short,female,control,wt,5/24/2023,19:30,2,17:30,,,
2023,lf_short,female,control,wt,5/24/2023,19:45,2,17:45,,,
2023,lf_short,female,control,wt,5/24/2023,19:45,2,17:45,,,
2023,lf_short,male,control,wt,5/24/2023,20:00,2,18:00,,,
2023,lf_short,female,control,wt,5/24/2023,20:00,2,18:00,,,
2023,lf_short,female,control,wt,5/24/2023,21:45,2,19:45,,,
2023,lf_short,female,control,wt,5/24/2023,23:45,2,21:45,,,
2023,lf_short,male,control,wt,5/25/2023,6:00,2,4:00,,,
2023,lf_short,female,control,wt,5/25/2023,11:30,2,9:30,,,
2023,lf_short,male,control,wt,5/25/2023,16:15,2,14:15,,,
2023,lf_short,female,control,wt,5/25/2023,18:30,2,16:30,,,
2023,lf_short,female,control,wt,5/25/2023,19:15,2,17:15,,,
2023,lf_short,female,control,wt,5/25/2023,20:00,2,18:00,,,
2023,lf_short,female,control,wt,5/25/2023,20:15,2,18:15,,,
2023,lf_short,male,control,wt,5/25/2023,21:00,2,19:00,,,
2023,lf_short,male,control,wt,5/25/2023,21:45,2,19:45,,,
2023,lf_short,male,control,wt,5/25/2023,0:30,2,22:30,,,
2023,lf_short,male,period,4,7/6/2023,23:45,2,21:45,p3_17,mutant,frameshift
2023,lf_short,female,period,5,7/7/2023,14:15,2,12:15,p4_31,mutant,non_frameshift
2023,lf_short,female,period,5,7/7/2023,23:15,2,21:15,p4_34,mutant,frameshift
2023,lf_short,male,period,5,7/8/2023,12:30,2,10:30,p4_41,,
2023,lf_short,female,period,5,7/8/2023,0:15,2,22:15,p4_36,mutant,frameshift
2023,lf_short,female,period,5,7/10/2023,9:15,2,7:15,p4_40,mutant,frameshift
2023,lf_short,male,period,5,7/10/2023,12:15,2,10:15,,,
2023,lf_short,female,period,4,7/10/2023,19:45,2,17:45,,,
2023,lf_short,,period,4,7/11/2023,11:45,2,9:45,,,
2023,lf_short,male,period,5,7/12/2023,13:30,2,11:30,p4_42,,
2023,lf_short,male,period,5,7/12/2023,14:00,2,12:00,p4_44,,
2023,lf_short,female,period,5,7/13/2023,17:00,2,15:00,p4_46,,
2023,lf_short,female,period,5,7/15/2023,5:30,2,3:30,p4_47,,
2023,lf_short,male,period,4,7/15/2023,14:15,2,12:15,p3_26,,
2021,uz,male,control,wt,12/23/2021,20:45,3,17:45,,,
2021,uz,female,control,wt,12/23/2021,21:00,3,18:00,,,
2021,uz,female,control,wt,12/24/2021,18:45,3,15:45,,,
2021,uz,male,control,wt,12/24/2021,20:30,3,17:30,,,
2021,uz,female,control,wt,12/24/2021,20:45,3,17:45,,,
2021,uz,female,control,wt,12/24/2021,20:45,3,17:45,,,
2021,uz,female,control,wt,12/24/2021,20:45,3,17:45,,,
2021,uz,male,control,wt,12/24/2021,22:00,3,19:00,,,
2021,uz,male,control,wt,12/24/2021,2:45,3,23:45,,,
2021,uz,male,control,wt,12/25/2021,20:30,3,17:30,,,
2021,uz,male,control,wt,12/25/2021,20:30,3,17:30,,,
2021,uz,male,control,wt,12/25/2021,20:30,3,17:30,,,
2021,uz,male,control,wt,12/26/2021,19:30,3,16:30,,,
2021,uz,female,control,wt,12/27/2021,18:15,3,15:15,,,
2021,uz,female,control,wt,12/27/2021,20:15,3,17:15,,,
2021,uz,female,control,wt,12/28/2021,21:00,3,18:00,,,
2021,uz,female,control,wt,12/28/2021,0:15,3,21:30,,,
2021,uz,female,control,wt,12/29/2021,21:00,3,18:00,,,
2022,uz,female,period,4,3/20/2022,12:45,4,8:45,UZpX3f_28,mutant,frameshift
2022,uz,female,period,5,3/20/2022,20:15,4,16:15,UZpX4f_12,,
2022,uz,female,period,5,3/20/2022,21:15,4,17:15,UZpX4f_08,,
2022,uz,female,period,5,3/20/2022,21:30,4,17:30,UZpX4f_09,mutant,frameshift
2022,uz,male,period,4,3/20/2022,22:00,4,18:00,UZpX3m_20,wt,wt
2022,uz,female,period,5,3/20/2022,22:00,4,18:00,UZpX4f_16,mutant,frameshift
2022,uz,male,period,4,3/20/2022,22:30,4,18:30,UZpX3m_05,,
2022,uz,female,period,5,3/20/2022,22:30,4,18:30,UZpX4f_17,,
2022,uz,female,period,4,3/20/2022,23:15,4,19:15,UZpX3f_19,wt,wt
2022,uz,female,period,4,3/20/2022,3:45,4,23:45,UZpx3f_06,mutant,frameshift
2022,uz,male,pdfr,4,3/21/2022,23:30,4,19:30,UZrX3m_59,,
2022,uz,female,period,4,3/21/2022,9:15,4,5:15,UZpX3f_07,,
2022,uz,male,period,5,3/21/2022,10:00,4,6:00,UZpX4m_15,,
2022,uz,female,period,4,3/21/2022,12:30,4,8:30,UZpX3f_21,mutant,frameshift
2022,uz,male,period,4,3/21/2022,20:45,4,16:45,UZpX3m_67,,
2022,uz,female,period,5,3/21/2022,21:15,4,17:15,UZpX4f_42,mutant,frameshift
2022,uz,female,period,5,3/21/2022,21:30,4,17:30,UZpX4f_54,,
2022,uz,female,period,4,3/21/2022,21:45,4,17:45,UZpX3f_53,mutant,non_frameshift
2022,uz,female,period,5,3/21/2022,21:45,4,17:45,UZpX4f_50,,
2022,uz,male,period,4,3/21/2022,22:00,4,18:00,UZpX3m_66,,
2022,uz,male,period,4,3/21/2022,22:15,4,18:15,UZpX3m_38,,
2022,uz,male,period,4,3/21/2022,22:15,4,18:15,UZpX3m_61,,
2022,uz,female,pdfr,4,3/22/2022,22:45,4,18:45,,,
2022,uz,male,period,5,3/22/2022,6:00,4,2:00,UZpX4m_35,,
2022,uz,female,period,4+5,3/22/2022,11:30,4,7:30,UZpX34f_46,,
2022,uz,female,period,4,3/22/2022,13:15,4,9:15,UZpX3f_70,,
2022,uz,female,period,4,3/22/2022,17:00,4,13:00,UZpX3f_39,mutant,frameshift
2022,uz,female,period,4,3/22/2022,17:15,4,13:15,UZpX3f_51,,
2022,uz,female,period,4,3/22/2022,21:30,4,17:30,UZpX3f_92,,
2022,uz,male,period,4,3/22/2022,21:30,4,17:30,UZpX3m_89,mutant,non_frameshift
2022,uz,female,period,5,3/22/2022,21:30,4,17:30,,,
2022,uz,male,period,5,3/22/2022,21:30,4,17:30,,,
2022,uz,female,period,4,3/22/2022,22:15,4,18:15,UZpX3f_102,,
2022,uz,male,period,4,3/22/2022,23:30,4,19:30,UZpX3m_79,,
2022,uz,female,period,5,3/22/2022,0:00,4,20:00,UZpX4f_48,mutant,frameshift
2022,uz,male,period,5,3/22/2022,0:45,4,20:45,UZpX4m_40,,
2022,uz,female,period,4,3/22/2022,1:15,4,21:15,UZpX3f_52,,
2022,uz,male,period,4,3/22/2022,2:00,4,22:00,UZpX3m_49,,
2022,uz,female,period,4,3/22/2022,2:45,4,22:45,UZpX3f_68,,
2022,uz,male,period,4,3/22/2022,2:45,4,22:45,UZpX3m_60,,
2022,uz,female,period,4,3/22/2022,3:45,4,23:45,UZpX3f_47,,
2022,uz,female,pdfr,4,3/23/2022,21:30,4,17:30,UZrX3f_78,,
2022,uz,female,pdfr,4,3/23/2022,0:30,4,20:30,UZrX3f_103,wt,wt
2022,uz,female,period,5,3/23/2022,12:30,4,8:30,UZpX4f_94,,
2022,uz,female,period,5,3/23/2022,20:30,4,16:30,,,
2022,uz,female,period,4+5,3/23/2022,21:30,4,17:30,UZpX34f_100,,
2022,uz,female,period,4,3/23/2022,23:00,4,19:00,UZpX3f_74,,
2022,uz,female,period,4+5,3/23/2022,0:00,4,20:00,UZpX34f_76,,
2022,uz,male,period,5,3/23/2022,0:00,4,20:00,UZpX4m_98,,
2022,uz,male,period,4,3/23/2022,1:45,4,21:45,UZpX3m_93,,
2022,uz,male,period,4+5,3/23/2022,2:45,4,22:45,UZpX34m_99,,
2022,uz,male,period,5,3/23/2022,3:00,4,23:00,UZpX4m_91,,
2022,uz,female,control,wt,3/24/2022,20:30,4,16:30,,,
2022,uz,male,pdfr,4,3/24/2022,19:15,4,15:15,UZrX3m_110,wt,wt
2022,uz,male,pdfr,4,3/24/2022,21:45,4,17:45,UZrX3m_109,mutant,frameshift
2022,uz,male,pdfr,4,3/24/2022,22:00,4,18:00,,,
2022,uz,female,period,4,3/24/2022,8:45,4,4:45,UZpX4f_96,,
2022,uz,female,period,4,3/24/2022,18:30,4,14:30,UZpX3f_107,,
2022,uz,male,period,4+5,3/24/2022,20:30,4,16:30,UZpX34m_111,,
2022,uz,female,period,4,3/24/2022,20:30,4,16:30,UZpX3f_106,,
2022,uz,female,control,wt,3/25/2022,21:30,4,17:30,,,
2022,uz,male,control,wt,3/25/2022,21:30,4,17:30,,,
2022,uz,male,control,wt,3/25/2022,21:30,4,17:30,,,
2022,uz,male,control,wt,3/25/2022,21:45,4,17:45,,,
2022,uz,female,control,wt,3/25/2022,22:30,4,18:30,,,
2022,uz,female,control,wt,3/25/2022,23:00,4,19:00,,,
2022,uz,male,control,wt,3/25/2022,23:00,4,19:00,,,
2022,uz,male,pdfr,4,3/25/2022,3:45,4,23:45,UZrX3m_108,,
2022,uz,female,period,4,3/25/2022,21:45,4,17:45,UZpX43f_113,,
2022,uz,female,period,4+5,3/25/2022,22:00,4,18:00,UZpX34f_115,,
2022,uz,male,period,5,3/25/2022,1:15,4,21:15,UZpX4m_105,,
2022,uz,female,control,wt,3/26/2022,20:30,4,16:30,,,
2022,uz,male,control,wt,3/26/2022,20:30,4,16:30,,,
2022,uz,male,control,wt,3/26/2022,20:45,4,16:45,,,
2022,uz,female,control,wt,3/26/2022,21:15,4,17:15,,,
2022,uz,male,control,wt,3/26/2022,21:15,4,17:15,,,
2022,uz,male,control,wt,3/26/2022,21:30,4,17:30,,,
2022,uz,female,control,wt,3/26/2022,21:30,4,17:30,,,
2022,uz,male,control,wt,3/26/2022,21:30,4,17:30,,,
2022,uz,male,control,wt,3/26/2022,21:30,4,17:30,,,
2022,uz,male,control,wt,3/26/2022,21:45,4,17:45,,,
2022,uz,male,control,wt,3/26/2022,22:00,4,18:00,,,
2022,uz,female,control,wt,3/26/2022,0:00,4,20:00,,,
2022,uz,female,control,wt,3/26/2022,1:15,4,21:15,,,
2022,uz,male,control,wt,3/26/2022,2:45,4,22:45,,,
2022,uz,female,period,5,3/26/2022,5:15,4,1:15,UZpX4f_112,mutant,frameshift
2022,uz,male,control,wt,3/27/2022,1:15,4,21:15,,,
2022,uz,male,period,4,3/27/2022,0:30,4,20:30,UZpX3m_116,,
2022,uz,male,control,wt,8/2/2022,2:30,3,23:30,,,
2022,uz,female,control,wt,8/18/2022,23:45,3,20:45,,,
2022,uz,female,control,wt,8/22/2022,16:15,3,13:15,,,
2022,uz,female,control,wt,8/22/2022,16:30,3,13:30,,,
2022,uz,male,control,wt,8/22/2022,18:30,3,15:30,,,
2022,uz,female,control,wt,8/22/2022,19:00,3,16:00,,,
2022,uz,female,control,wt,8/22/2022,19:00,3,16:00,,,
2022,uz,female,control,wt,8/22/2022,19:30,3,16:30,,,
2022,uz,male,control,wt,8/22/2022,21:00,3,18:00,,,
2022,uz,female,control,wt,8/22/2022,21:00,3,18:00,,,
2022,uz,male,control,wt,8/22/2022,21:00,3,18:00,,,
2022,uz,female,control,wt,8/22/2022,21:30,3,18:30,,,
2022,uz,female,control,wt,8/22/2022,23:30,3,20:30,,,
2022,uz,female,control,wt,8/23/2022,3:15,3,0:15,,,
2022,uz,male,control,wt,8/23/2022,17:15,3,14:15,,,
2022,uz,male,control,wt,8/23/2022,17:45,3,14:45,,,
2022,uz,female,control,wt,8/23/2022,18:30,3,15:30,,,
2022,uz,male,control,wt,8/23/2022,20:30,3,17:30,,,
2022,uz,male,control,wt,8/23/2022,20:30,3,17:30,,,
2022,uz,female,control,wt,8/23/2022,20:30,3,17:30,,,
2022,uz,female,control,wt,8/23/2022,20:45,3,17:45,,,
2022,uz,male,control,wt,8/23/2022,21:45,3,18:45,,,
2022,uz,female,control,wt,8/23/2022,22:45,3,19:45,,,
2022,uz,male,control,wt,8/23/2022,23:00,3,20:00,,,
2022,uz,female,control,wt,8/23/2022,23:00,3,20:00,,,
2022,uz,male,control,wt,8/23/2022,0:30,3,21:30,,,
2022,uz,female,control,wt,8/23/2022,2:00,3,23:00,,,
2022,uz,female,control,wt,8/24/2022,5:15,3,2:15,,,
2022,uz,male,control,wt,8/24/2022,16:45,3,13:45,,,
2022,uz,male,control,wt,8/24/2022,17:45,3,14:45,,,
2022,uz,male,control,wt,8/24/2022,18:45,3,15:45,,,
2022,uz,female,control,wt,8/24/2022,19:45,3,16:45,,,
2022,uz,female,control,wt,8/24/2022,20:30,3,17:30,,,
2022,uz,male,control,wt,8/24/2022,20:45,3,17:45,,,
2022,uz,male,control,wt,8/24/2022,23:30,3,20:30,,,
2022,uz,male,control,wt,8/24/2022,23:30,3,20:30,,,
2022,uz,male,control,wt,8/24/2022,0:15,3,21:15,,,
2022,uz,female,control,wt,8/24/2022,0:30,3,21:30,,,
2022,uz,female,control,wt,8/24/2022,1:15,3,22:15,,,
2022,uz,male,control,wt,8/25/2022,18:45,3,15:45,,,
2023,uz,female,control,wt,6/2/2023,7:00,2,5:00,,,
2023,uz,female,control,wt,6/2/2023,19:45,2,17:45,,,
2023,uz,female,control,wt,6/2/2023,20:00,2,18:00,,,
2023,uz,female,control,wt,6/2/2023,21:00,2,19:00,,,
2023,uz,female,control,wt,6/2/2023,21:15,2,19:15,,,
2023,uz,male,control,wt,6/2/2023,22:15,2,20:15,,,
2023,uz,female,control,wt,6/2/2023,22:15,2,20:15,,,
2023,uz,female,control,wt,6/2/2023,1:15,2,23:15,,,
2023,uz,female,control,wt,6/2/2023,1:30,2,23:30,,,
2023,uz,female,control,wt,6/3/2023,3:00,2,1:00,,,
2023,uz,male,control,wt,6/3/2023,3:45,2,1:45,,,
2023,uz,female,control,wt,6/3/2023,5:30,2,3:30,,,
2023,uz,male,control,wt,6/3/2023,6:15,2,4:15,,,
2023,uz,male,control,wt,6/3/2023,15:45,2,13:45,,,
2023,uz,female,control,wt,6/3/2023,17:45,2,15:45,,,
2023,uz,female,control,wt,6/3/2023,19:45,2,17:45,,,
2023,uz,male,control,wt,6/3/2023,19:45,2,17:45,,,
2023,uz,male,control,wt,6/3/2023,19:45,2,17:45,,,
2023,uz,female,control,wt,6/3/2023,20:00,2,18:00,,,
2023,uz,male,control,wt,6/3/2023,20:00,2,18:00,,,
2023,uz,female,control,wt,6/3/2023,20:00,2,18:00,,,
2023,uz,female,control,wt,6/3/2023,21:00,2,19:00,,,
2023,uz,female,control,wt,6/3/2023,21:00,2,19:00,,,
2023,uz,female,control,wt,6/3/2023,22:30,2,20:30,,,
2023,uz,male,control,wt,6/3/2023,23:00,2,21:00,,,
2023,uz,male,control,wt,6/3/2023,23:15,2,21:15,,,
2023,uz,female,control,wt,6/3/2023,1:30,2,23:30,,,
2023,uz,female,control,wt,6/3/2023,1:45,2,23:45,,,
2023,uz,male,control,wt,6/4/2023,2:00,2,0:00,,,
2023,uz,female,control,wt,6/4/2023,5:00,2,3:00,,,
2023,uz,male,control,wt,6/4/2023,7:00,2,5:00,,,
2023,uz,female,control,wt,6/4/2023,14:30,2,12:30,,,
2023,uz,male,control,wt,6/4/2023,15:30,2,13:30,,,
2023,uz,female,control,wt,6/4/2023,19:15,2,17:15,,,
2023,uz,male,control,wt,6/4/2023,19:30,2,17:30,,,
2023,uz,female,control,wt,6/4/2023,20:00,2,18:00,,,
2023,uz,female,control,wt,6/4/2023,0:15,2,22:15,,,
2023,uz,male,control,wt,6/4/2023,0:15,2,22:15,,,
2023,uz,male,control,wt,6/4/2023,0:30,2,22:30,,,
2023,uz,male,control,wt,6/4/2023,0:45,2,22:45,,,
2023,uz,female,period,4,6/4/2023,23:30,2,21:30,,,
2023,uz,male,control,wt,6/5/2023,3:45,2,1:45,,,
2023,uz,male,control,wt,6/5/2023,17:00,2,15:00,,,
2023,uz,female,control,wt,6/5/2023,19:30,2,17:30,,,
2023,uz,female,control,wt,6/5/2023,19:45,2,17:45,,,
2023,uz,male,control,wt,6/5/2023,20:00,2,18:00,,,
2023,uz,female,control,wt,6/5/2023,20:00,2,18:00,,,
2023,uz,female,control,wt,6/5/2023,21:30,2,19:30,,,
2023,uz,female,control,wt,6/5/2023,22:45,2,20:45,,,
2023,uz,female,control,wt,6/6/2023,2:30,2,0:30,,,
2023,uz,female,control,wt,6/6/2023,3:15,2,1:15,,,
2023,uz,female,control,wt,6/6/2023,19:15,2,17:15,,,
2023,uz,female,control,wt,6/6/2023,19:45,2,17:45,,,
2023,uz,female,control,wt,6/6/2023,19:45,2,17:45,,,
2023,uz,female,control,wt,6/6/2023,20:15,2,18:15,,,
2023,uz,male,control,wt,6/7/2023,14:15,2,12:15,,,
2023,uz,female,control,wt,6/7/2023,14:30,2,12:30,,,
2023,uz,male,control,wt,6/7/2023,20:30,2,18:30,,,
2023,uz,female,control,wt,6/7/2023,21:45,2,19:45,,,
2023,uz,female,control,wt,6/7/2023,22:30,2,20:30,,,
2023,uz,female,control,wt,6/7/2023,1:30,2,23:30,,,
2023,uz,female,period,4+5,6/7/2023,20:00,2,18:00,,,
2023,uz,male,control,wt,6/8/2023,19:15,2,17:15,,,
2023,uz,female,control,wt,6/8/2023,20:00,2,18:00,,,
2023,uz,female,control,wt,6/8/2023,21:45,2,19:45,,,
2023,uz,female,control,wt,6/8/2023,22:00,2,20:00,,,
2023,uz,male,control,wt,6/8/2023,23:45,2,21:45,,,
2023,uz,female,control,wt,6/8/2023,0:45,2,22:45,,,
2023,uz,female,control,wt,6/8/2023,1:00,2,23:00,,,
2023,uz,female,control,wt,6/8/2023,1:15,2,23:15,,,
2023,uz,female,period,4+5,6/8/2023,2:15,2,0:15,,,
2023,uz,female,period,4+5,6/8/2023,13:30,2,11:30,,,
2023,uz,male,period,4+5,6/8/2023,19:45,2,17:45,,,
2023,uz,female,period,4+5,6/8/2023,20:00,2,18:00,,,
2023,uz,female,control,wt,6/9/2023,19:45,2,17:45,,,
2023,uz,female,period,4+5,6/9/2023,12:00,2,10:00,,,
2023,uz,female,period,4+5,6/9/2023,19:15,2,17:15,,,
2023,uz,female,control,wt,6/10/2023,3:30,2,1:30,,,
2023,uz,female,period,4+5,6/10/2023,2:00,2,0:00,,,
2022,uz,male,period,5,,,4,,UZpX4m_56,,
2022,uz,male,period,4,,,4,,,,
