injection_period,sequence,indel,treatment,frame
2022,CGGAGAAGAGGACCAAAGAGAAGGAACCCAAAAAGAA (-38),-38,period_sgrna1,1
2023,ACCGGAGAAGAGGACCAAAGAGAAGGAACCCAAA (-34),-34,period_sgrna1,2
2023,AGAGAAGGAACCCAAAAAG (-19),-19,period_sgrna1,2
2022,GGACCAAAGAGAAGG (-15),-15,period_sgrna1,0
2023,AGGACCAAAGAGAAG (-15),-15,period_sgrna1,0
2022,AAAGAGAAGGAACC (-14),-14,period_sgrna1,1
2023,AGAAG (-5),-5,period_sgrna1,1
2023,AGAAG (-5),-5,period_sgrna1,1
2022,AAGA (-4),-4,period_sgrna1,2
2022,AGA (-3),-3,period_sgrna1,0
2022,AG (-2),-2,period_sgrna1,1
2022,AG (-2),-2,period_sgrna1,1
2022,AG (-2),-2,period_sgrna1,1
2023,AG (-2),-2,period_sgrna1,1
2023,AG (-2),-2,period_sgrna1,1
2023,AG (-2),-2,period_sgrna1,1
2023,AG (-2),-2,period_sgrna1,1
2023,AG (-2),-2,period_sgrna1,1
2023,A (+1),1,period_sgrna1,1
2023,NNNN (+4),4,period_sgrna1,1
2022,AAGAAGAA (+8),8,period_sgrna1,2
2023,CCCCACCACCGG (+12),12,period_sgrna1,0
2022,T (-1),-1,period_sgrna2,2
2022,ACTC (+4),4,period_sgrna2,1
2022,ACTC (+4),4,period_sgrna2,1
2022,CTTT (-4),-4,period_sgrna2,2
2022,T (-1),-1,period_sgrna2,2
2022,C (-1),-1,period_sgrna2,2
2022,(+9),9,period_sgrna2,0
2023,CCTCTTT (-7),-7,period_sgrna2,2
2023,NNNNNNNN (+8),8,period_sgrna2,2
2023,T (-1),-1,period_sgrna2,2
2023,AC (+2),2,period_sgrna2,2
2023,NNN (+3),3,period_sgrna2,0
2023,N (+1),1,period_sgrna2,1
2023,ACCTC (+5),5,period_sgrna2,2
2023,CCTCCTCTTTACTCAGCAAAGACTCCG (-27),-27,period_sgrna2,0
2023,TA (-2),-2,period_sgrna2,1
2023,T (-1),-1,period_sgrna2,2
2023,TAC (-3),-3,period_sgrna2,0
2023,ACC (+3),3,period_sgrna2,0
2023,T (-1),-1,period_sgrna2,2
2023,TACTCAG (-7),-7,period_sgrna2,2
2023,T (-1),-1,period_sgrna2,2
2023,T (-1),-1,period_sgrna2,2
2023,T (-1),-1,period_sgrna2,2
2022,T (-1),-1,period_sgrna2,2
2022,TG (-2),-2,pdfr_sgrna,1
2022,TG (-2),-2,pdfr_sgrna,1
2022,TG (-2),-2,pdfr_sgrna,1
2022,TGTGTA (-6),-6,pdfr_sgrna,0
2022,TG (-2),-2,pdfr_sgrna,1
2023,TGTAGG (-6),-6,pdfr_sgrna,0
2023,TG (-2),-2,pdfr_sgrna,1
